,Identificador
214,30004155
215,30004170
216,30004183
226,30004216
228,30004221
229,30004223
232,30004232
243,30004266
244,30004267
250,30004278
338,30004605
339,30004617
340,30004632
341,30004640
342,30004654
343,30004658
487,30005003
493,30005020
565,30005160
774,30005741
775,30005747
776,30005760
777,30005766
778,30005775
791,30005894
800,30005921
803,30005927
937,30006348
938,30006360
939,30006368
940,30006373
941,30006378
942,30006382
943,30006387
1081,30006689
1391,30007418
1392,30007444
1393,30007455
1397,30007473
1465,30007655
1482,30007714
1573,30008012
1574,30008023
1575,30008026
1576,30008027
1577,30008039
1578,30008046
1738,30008412
1744,30008437
1745,30008438
1779,30008519
1879,30008828
1880,30008840
1881,30008846
2035,30009270
2128,30009577
2129,30009580
2130,30009587
2131,30009605
2132,30009615
2133,30009617
2286,30009957
2296,30009981
2517,30004138
2518,30004139
2519,30004140
2520,30004144
2521,30004145
2522,30004148
2523,30004148
2524,30004148
2525,30004148
2526,30004149
2527,30004150
2528,30004151
2529,30004156
2530,30004158
2531,30004159
2532,30004160
2533,30004162
2534,30004163
2535,30004164
2536,30004165
2537,30004166
2538,30004167
2539,30004168
2540,30004169
2541,30004171
2542,30004172
2543,30004173
2544,30004176
2545,30004180
2546,30004186
2547,30004187
2548,30004190
2558,30004210
2559,30004213
2564,30004222
2571,30004236
2572,30004237
2583,30004249
2584,30004250
2586,30004254
2587,30004255
2600,30004280
2604,30004289
2605,30004290
2617,30004319
2618,30004320
2622,30004327
2627,30004357
2632,30004366
2713,30004604
2714,30004606
2715,30004609
2716,30004610
2717,30004611
2718,30004613
2719,30004614
2720,30004615
2721,30004616
2722,30004618
2723,30004619
2724,30004620
2725,30004622
2726,30004624
2727,30004626
2728,30004627
2729,30004629
2730,30004631
2731,30004634
2732,30004635
2733,30004636
2734,30004637
2735,30004638
2736,30004639
2737,30004641
2738,30004642
2739,30004643
2740,30004646
2741,30004649
2742,30004650
2743,30004651
2744,30004652
2745,30004653
2746,30004655
2747,30004657
2845,30005010
2851,30005025
2857,30005034
2865,30005047
2892,30005096
2895,30005101
2903,30005111
2914,30005145
2920,30005163
2926,30005187
2928,30005192
3168,30005742
3169,30005743
3170,30005744
3171,30005745
3172,30005746
3173,30005748
3174,30005749
3175,30005750
3176,30005751
3177,30005752
3178,30005753
3179,30005754
3180,30005756
3181,30005759
3182,30005761
3183,30005762
3184,30005763
3185,30005764
3186,30005765
3187,30005767
3188,30005768
3189,30005769
3190,30005770
3191,30005771
3192,30005772
3193,30005773
3194,30005774
3195,30005778
3196,30005779
3197,30005780
3198,30005781
3199,30005783
3200,30005785
3201,30005791
3202,30005792
3204,30005794
3215,30005881
3218,30005884
3219,30005885
3224,30005891
3225,30005892
3227,30005895
3228,30005896
3229,30005896
3230,30005896
3231,30005896
3232,30005897
3242,30005914
3244,30005916
3249,30005924
3255,30005933
3266,30005952
3299,30006022
3304,30006047
3305,30006052
3307,30006105
3426,30006346
3427,30006347
3428,30006349
3429,30006350
3430,30006351
3431,30006352
3432,30006353
3433,30006354
3434,30006355
3435,30006356
3436,30006357
3437,30006358
3438,30006359
3439,30006361
3440,30006362
3441,30006363
3442,30006364
3443,30006365
3444,30006366
3445,30006367
3446,30006369
3447,30006370
3448,30006371
3449,30006372
3450,30006374
3451,30006375
3452,30006379
3453,30006380
3454,30006381
3455,30006383
3456,30006384
3457,30006385
3458,30006388
3459,30006390
3554,30006674
3563,30006693
3599,30006768
3600,30006769
3603,30006774
3609,30006781
3610,30006782
3621,30006809
3628,30006823
3630,30006825
3634,30006832
3642,30006860
3661,30006900
3662,30006903
3862,30007407
3863,30007408
3864,30007409
3865,30007410
3866,30007411
3867,30007413
3868,30007414
3869,30007415
3870,30007416
3871,30007419
3872,30007420
3873,30007421
3874,30007422
3875,30007424
3876,30007426
3877,30007427
3878,30007429
3879,30007430
3880,30007431
3881,30007432
3882,30007433
3883,30007434
3884,30007435
3885,30007436
3886,30007437
3887,30007438
3888,30007439
3889,30007440
3890,30007441
3891,30007442
3892,30007443
3893,30007445
3894,30007446
3895,30007448
3896,30007449
3897,30007450
3898,30007456
3900,30007458
3901,30007459
3909,30007472
3910,30007474
3921,30007487
3933,30007511
3970,30007603
3972,30007617
3973,30007619
3976,30007630
3977,30007631
3986,30007656
3987,30007657
3989,30007660
3990,30007662
3999,30007709
4002,30007716
4004,30007719
4018,30007746
4144,30008010
4145,30008011
4146,30008013
4147,30008014
4148,30008015
4149,30008016
4150,30008017
4151,30008018
4152,30008019
4153,30008021
4154,30008022
4155,30008025
4156,30008028
4157,30008029
4158,30008030
4159,30008031
4160,30008032
4161,30008033
4162,30008034
4163,30008035
4164,30008036
4165,30008037
4166,30008040
4167,30008041
4168,30008042
4169,30008043
4170,30008044
4171,30008045
4172,30008047
4173,30008048
4174,30008049
4175,30008051
4270,30008416
4281,30008430
4284,30008434
4293,30008448
4305,30008470
4329,30008516
4331,30008522
4332,30008524
4333,30008526
4342,30008555
4345,30008562
4441,30008825
4442,30008826
4443,30008827
4444,30008830
4445,30008831
4446,30008833
4447,30008834
4448,30008835
4449,30008836
4450,30008837
4451,30008839
4452,30008841
4453,30008842
4454,30008843
4455,30008844
4456,30008845
4457,30008847
4458,30008848
4459,30008849
4460,30008850
4461,30008851
4462,30008852
4463,30008853
4464,30008854
4465,30008855
4466,30008856
4589,30009258
4593,30009262
4596,30009267
4597,30009268
4617,30009304
4621,30009312
4624,30009317
4625,30009319
4626,30009320
4739,30009572
4740,30009573
4741,30009574
4742,30009575
4743,30009576
4744,30009578
4745,30009579
4746,30009581
4747,30009583
4748,30009584
4749,30009585
4750,30009586
4751,30009588
4752,30009589
4753,30009591
4754,30009593
4755,30009594
4756,30009597
4757,30009598
4758,30009599
4759,30009600
4760,30009601
4761,30009602
4762,30009603
4763,30009604
4764,30009606
4765,30009607
4766,30009608
4767,30009609
4768,30009610
4769,30009611
4770,30009612
4771,30009613
4772,30009614
4773,30009616
4885,30009951
4893,30009966
4894,30009967
4896,30009969
4903,30009984
4904,30009986
4905,30009987
